Product ID,Date,Weekly_Demand,Predicted_Demand
P0017,2022-01-30,3962,4834.38
P0017,2022-02-06,5054,4632.905
P0017,2022-02-13,5039,4776.28
P0017,2022-02-20,5474,4849.595
P0017,2022-02-27,4795,4547.91
P0017,2022-03-06,4640,4890.905
P0017,2022-03-13,3625,4863.33
P0017,2022-03-20,4985,4785.91
P0017,2022-03-27,4979,4715.985
P0017,2022-04-03,4609,4975.395
P0017,2022-04-10,5168,4708.485
P0017,2022-04-17,5913,4835.405
P0017,2022-04-24,4891,4798.52
P0017,2022-05-01,4756,4493.57
P0017,2022-05-08,4257,4793.34
P0017,2022-05-15,4446,4811.205
P0017,2022-05-22,4848,4812.225
P0017,2022-05-29,4692,4837.695
P0017,2022-06-05,4651,4732.35
P0017,2022-06-12,4837,4810.135
P0017,2022-06-19,3927,4715.465
P0017,2022-06-26,5520,4911.94
P0017,2022-07-03,4400,4933.365
P0017,2022-07-10,4535,4722.3
P0017,2022-07-17,3790,4790.02
P0017,2022-07-24,4586,4881.69
P0017,2022-07-31,4487,4774.84
P0017,2022-08-07,4489,5078.475
P0017,2022-08-14,4327,4753.875
P0017,2022-08-21,4067,5123.03
P0017,2022-08-28,4399,4911.945
P0017,2022-09-04,4334,4776.735
P0017,2022-09-11,4653,4900.895
P0017,2022-09-18,5015,4828.23
P0017,2022-09-25,3548,4902.88
P0017,2022-10-02,5388,4932.12
P0017,2022-10-09,6469,4664.455
P0017,2022-10-16,4314,4561.695
P0017,2022-10-23,5371,5078.015
P0017,2022-10-30,4608,4624.4
P0017,2022-11-06,3785,4661.555
P0017,2022-11-13,5000,4985.875
P0017,2022-11-20,4286,4735.42
P0017,2022-11-27,5188,4858.475
P0017,2022-12-04,4474,4962.23
P0017,2022-12-11,5961,4796.575
P0017,2022-12-18,4209,4834.885
P0017,2022-12-25,4683,4616.57
P0017,2023-01-01,5305,4696.495
P0017,2023-01-08,4743,2585.97
P0017,2023-01-15,4230,4916.085
P0017,2023-01-22,3790,4984.69
P0017,2023-01-29,6250,4623.385
P0017,2023-02-05,3710,4833.34
P0017,2023-02-12,5296,4797.03
P0017,2023-02-19,5102,4623.995
P0017,2023-02-26,4540,4986.675
P0017,2023-03-05,5438,4581.425
P0017,2023-03-12,4323,4705.73
P0017,2023-03-19,5088,4783.73
P0017,2023-03-26,5630,4753.54
P0017,2023-04-02,4763,4838.675
P0017,2023-04-09,4033,4682.515
P0017,2023-04-16,4018,4494.49
P0017,2023-04-23,4412,4749.62
P0017,2023-04-30,4903,4858.815
P0017,2023-05-07,4115,4624.54
P0017,2023-05-14,4473,4559.7
P0017,2023-05-21,4737,4645.505
P0017,2023-05-28,5005,4760.855
P0017,2023-06-04,5069,4798.845
P0017,2023-06-11,4947,4883.35
P0017,2023-06-18,5040,4768.43
P0017,2023-06-25,4638,4878.855
P0017,2023-07-02,4841,5104.35
P0017,2023-07-09,5769,4909.565
P0017,2023-07-16,3013,5006.62
P0017,2023-07-23,4734,4791.59
P0017,2023-07-30,5945,4553.12
P0017,2023-08-06,6034,4851.105
P0017,2023-08-13,5065,4665.57
P0017,2023-08-20,5167,5127.63
P0017,2023-08-27,4405,4955.925
P0017,2023-09-03,4573,4737.86
P0017,2023-09-10,4034,4914.505
P0017,2023-09-17,3570,4854.535
P0017,2023-09-24,4507,4340.39
P0017,2023-10-01,4295,4389.7
P0017,2023-10-08,4595,4738.03
P0017,2023-10-15,4462,4985.955
P0017,2023-10-22,6812,5060.63
P0017,2023-10-29,5512,4818.09
P0017,2023-11-05,4554,4864.35
P0017,2023-11-12,6607,4609.975
P0017,2023-11-19,4613,4337.545
P0017,2023-11-26,5686,4943.465
P0017,2023-12-03,5726,4786.765
P0017,2023-12-10,4742,5036.575
P0017,2023-12-17,4680,4689.26
P0017,2023-12-24,3886,4600.78
P0017,2023-12-31,5453,4789.11
P0017,2024-01-07,312,2819.535
P0018,2022-01-30,5396,4711.36
P0018,2022-02-06,4995,4790.69
P0018,2022-02-13,4471,5082.74
P0018,2022-02-20,3986,4828.6
P0018,2022-02-27,6424,4653.615
P0018,2022-03-06,5149,4772.76
P0018,2022-03-13,4206,4729.39
P0018,2022-03-20,4472,4867.87
P0018,2022-03-27,4142,4867.94
P0018,2022-04-03,4668,4836.075
P0018,2022-04-10,4534,4630.23
P0018,2022-04-17,5472,4779.075
P0018,2022-04-24,5307,4571.095
P0018,2022-05-01,5550,4310.385
P0018,2022-05-08,5020,4587.055
P0018,2022-05-15,4707,4789.68
P0018,2022-05-22,4803,4927.4
P0018,2022-05-29,4601,4876.715
P0018,2022-06-05,4093,4446.42
P0018,2022-06-12,3506,4938.72
P0018,2022-06-19,5803,5120.135
P0018,2022-06-26,3757,4904.835
P0018,2022-07-03,5458,4842.405
P0018,2022-07-10,6359,4853.94
P0018,2022-07-17,5052,4628.085
P0018,2022-07-24,5064,5017.8
P0018,2022-07-31,2409,5184.64
P0018,2022-08-07,5177,4774.36
P0018,2022-08-14,4121,4430.105
P0018,2022-08-21,4165,4617.9
P0018,2022-08-28,4211,5075.23
P0018,2022-09-04,6615,4771.115
P0018,2022-09-11,4438,4786.87
P0018,2022-09-18,3562,4771.725
P0018,2022-09-25,3758,4897.085
P0018,2022-10-02,5020,4866.855
P0018,2022-10-09,4844,4795.435
P0018,2022-10-16,4535,4788.58
P0018,2022-10-23,4493,4699.79
P0018,2022-10-30,4815,4768.225
P0018,2022-11-06,3451,4364.795
P0018,2022-11-13,4284,5190.435
P0018,2022-11-20,3903,4755.6
P0018,2022-11-27,3553,4658.595
P0018,2022-12-04,4295,4664.09
P0018,2022-12-11,4136,4813.83
P0018,2022-12-18,4668,4828.27
P0018,2022-12-25,3938,4919.225
P0018,2023-01-01,4553,4661.24
P0018,2023-01-08,5257,3684.985
P0018,2023-01-15,4785,4873.995
P0018,2023-01-22,5545,4933.735
P0018,2023-01-29,4886,4772.145
P0018,2023-02-05,4673,4917.34
P0018,2023-02-12,4081,4736.165
P0018,2023-02-19,5469,4725.26
P0018,2023-02-26,4906,4759.35
P0018,2023-03-05,5082,4630.72
P0018,2023-03-12,3939,4912.135
P0018,2023-03-19,3777,4827.03
P0018,2023-03-26,4363,4661.335
P0018,2023-04-02,4742,4794.245
P0018,2023-04-09,6385,4705.87
P0018,2023-04-16,4741,4746.86
P0018,2023-04-23,4482,4453.88
P0018,2023-04-30,5463,4812.11
P0018,2023-05-07,4751,4707.515
P0018,2023-05-14,5744,4451.375
P0018,2023-05-21,5465,4663.635
P0018,2023-05-28,4185,4866.95
P0018,2023-06-04,4255,4520.355
P0018,2023-06-11,4482,4743.41
P0018,2023-06-18,4816,4855.37
P0018,2023-06-25,4217,4796.14
P0018,2023-07-02,4836,4719.28
P0018,2023-07-09,5005,4758.39
P0018,2023-07-16,5181,4837.055
P0018,2023-07-23,4684,5030.775
P0018,2023-07-30,4640,4949.725
P0018,2023-08-06,5175,5004.475
P0018,2023-08-13,5043,5032.46
P0018,2023-08-20,4937,5014.485
P0018,2023-08-27,4838,5057.2
P0018,2023-09-03,4747,4855.12
P0018,2023-09-10,4439,4955.935
P0018,2023-09-17,4722,4934.075
P0018,2023-09-24,5496,4672.54
P0018,2023-10-01,5640,4830.56
P0018,2023-10-08,5727,4811.865
P0018,2023-10-15,5347,5039.615
P0018,2023-10-22,4510,4846.275
P0018,2023-10-29,4986,4698.52
P0018,2023-11-05,4455,4800.89
P0018,2023-11-12,4695,4700.82
P0018,2023-11-19,4968,4928.41
P0018,2023-11-26,4831,4927.445
P0018,2023-12-03,4466,5000.835
P0018,2023-12-10,4410,5131.295
P0018,2023-12-17,5146,4886.535
P0018,2023-12-24,4311,5025.12
P0018,2023-12-31,3448,4649.63
P0018,2024-01-07,315,3341.16
P0019,2022-01-30,4079,4763.585
P0019,2022-02-06,3818,4632.965
P0019,2022-02-13,5817,4822.905
P0019,2022-02-20,4523,4805.32
P0019,2022-02-27,5444,4743.34
P0019,2022-03-06,4241,4741.7
P0019,2022-03-13,4875,4927.855
P0019,2022-03-20,4074,4601.175
P0019,2022-03-27,4358,4723.545
P0019,2022-04-03,4783,4707.35
P0019,2022-04-10,4594,4796.93
P0019,2022-04-17,4902,4836.36
P0019,2022-04-24,6171,4607.42
P0019,2022-05-01,4606,4825.94
P0019,2022-05-08,4481,4426.415
P0019,2022-05-15,4843,4685.29
P0019,2022-05-22,4312,4797.08
P0019,2022-05-29,5539,4934.975
P0019,2022-06-05,4471,4583.615
P0019,2022-06-12,4007,4735.88
P0019,2022-06-19,4795,4918.02
P0019,2022-06-26,5209,4692.215
P0019,2022-07-03,4357,4803.085
P0019,2022-07-10,3533,4788.63
P0019,2022-07-17,5162,4914.95
P0019,2022-07-24,5332,4954.925
P0019,2022-07-31,4178,4920.025
P0019,2022-08-07,4913,4860.085
P0019,2022-08-14,4040,4914.77
P0019,2022-08-21,4310,4665.41
P0019,2022-08-28,4491,5040.22
P0019,2022-09-04,4711,4772.675
P0019,2022-09-11,5550,4601.095
P0019,2022-09-18,4842,5111.03
P0019,2022-09-25,5241,4980.965
P0019,2022-10-02,6173,4553.13
P0019,2022-10-09,4113,4605.445
P0019,2022-10-16,4372,4720.335
P0019,2022-10-23,5224,4813.17
P0019,2022-10-30,4704,4586.615
P0019,2022-11-06,4757,4683.995
P0019,2022-11-13,4819,5121.835
P0019,2022-11-20,5965,4918.6
P0019,2022-11-27,6092,4990.005
P0019,2022-12-04,4473,4903.495
P0019,2022-12-11,4210,4710.11
P0019,2022-12-18,4918,4879.985
P0019,2022-12-25,5389,4721.405
P0019,2023-01-01,3024,5040.025
P0019,2023-01-08,4612,2261.645
P0019,2023-01-15,4530,4390.39
P0019,2023-01-22,4266,4874.96
P0019,2023-01-29,4612,4818.725
P0019,2023-02-05,5874,4756.515
P0019,2023-02-12,4784,4636.155
P0019,2023-02-19,4851,4903.775
P0019,2023-02-26,5803,4994.265
P0019,2023-03-05,4992,4889.025
P0019,2023-03-12,4443,4782.37
P0019,2023-03-19,3976,4838.0
P0019,2023-03-26,4595,4826.94
P0019,2023-04-02,4540,4705.525
P0019,2023-04-09,4001,4737.375
P0019,2023-04-16,4206,4688.97
P0019,2023-04-23,4307,4740.855
P0019,2023-04-30,5343,4775.415
P0019,2023-05-07,4142,4876.705
P0019,2023-05-14,6559,4746.08
P0019,2023-05-21,6795,4719.755
P0019,2023-05-28,4906,4646.705
P0019,2023-06-04,4580,4958.55
P0019,2023-06-11,5035,4686.015
P0019,2023-06-18,4592,4692.87
P0019,2023-06-25,4380,4819.79
P0019,2023-07-02,4798,5015.45
P0019,2023-07-09,4587,4676.105
P0019,2023-07-16,3162,5042.63
P0019,2023-07-23,4740,4734.26
P0019,2023-07-30,3843,4734.075
P0019,2023-08-06,4596,4917.775
P0019,2023-08-13,4990,5253.8
P0019,2023-08-20,5349,5064.725
P0019,2023-08-27,5519,4904.655
P0019,2023-09-03,4838,4689.675
P0019,2023-09-10,4673,4819.905
P0019,2023-09-17,3680,4930.48
P0019,2023-09-24,4674,4880.29
P0019,2023-10-01,6628,4635.325
P0019,2023-10-08,4389,4759.075
P0019,2023-10-15,5170,4978.56
P0019,2023-10-22,5054,4805.25
P0019,2023-10-29,3927,4904.6
P0019,2023-11-05,5562,4983.625
P0019,2023-11-12,4896,4834.475
P0019,2023-11-19,4620,4876.65
P0019,2023-11-26,4544,4818.92
P0019,2023-12-03,4615,4830.37
P0019,2023-12-10,4594,4805.29
P0019,2023-12-17,4474,4952.42
P0019,2023-12-24,4386,4935.55
P0019,2023-12-31,4976,4722.285
P0019,2024-01-07,877,1760.885
P0020,2022-01-30,4785,4642.44
P0020,2022-02-06,4337,4620.95
P0020,2022-02-13,4101,4834.64
P0020,2022-02-20,4228,4748.175
P0020,2022-02-27,5020,4738.3
P0020,2022-03-06,5871,4833.195
P0020,2022-03-13,6766,4524.615
P0020,2022-03-20,4859,4497.665
P0020,2022-03-27,4901,4873.485
P0020,2022-04-03,4733,4694.15
P0020,2022-04-10,6039,4499.645
P0020,2022-04-17,4969,4845.625
P0020,2022-04-24,4587,4448.03
P0020,2022-05-01,5213,4779.375
P0020,2022-05-08,5203,4789.265
P0020,2022-05-15,3942,4517.885
P0020,2022-05-22,4651,4920.87
P0020,2022-05-29,3564,4711.32
P0020,2022-06-05,6111,4636.835
P0020,2022-06-12,5152,4832.17
P0020,2022-06-19,5271,4725.77
P0020,2022-06-26,5256,4668.055
P0020,2022-07-03,4408,5069.32
P0020,2022-07-10,4939,4963.825
P0020,2022-07-17,5676,4830.235
P0020,2022-07-24,6082,5213.505
P0020,2022-07-31,5334,4785.565
P0020,2022-08-07,3598,5036.87
P0020,2022-08-14,4402,4659.175
P0020,2022-08-21,5173,4726.0
P0020,2022-08-28,3506,4718.09
P0020,2022-09-04,4078,5016.72
P0020,2022-09-11,5689,4724.325
P0020,2022-09-18,4069,4963.205
P0020,2022-09-25,4632,4908.51
P0020,2022-10-02,5037,4678.235
P0020,2022-10-09,5223,4672.84
P0020,2022-10-16,5804,4819.37
P0020,2022-10-23,5142,4851.46
P0020,2022-10-30,5583,4657.835
P0020,2022-11-06,5361,4864.935
P0020,2022-11-13,4916,4821.93
P0020,2022-11-20,4421,5081.175
P0020,2022-11-27,5327,4953.64
P0020,2022-12-04,4598,4903.35
P0020,2022-12-11,5382,5009.33
P0020,2022-12-18,3675,5078.225
P0020,2022-12-25,5191,4734.695
P0020,2023-01-01,4496,4789.41
P0020,2023-01-08,5362,3158.15
P0020,2023-01-15,4814,4727.585
P0020,2023-01-22,4811,4982.815
P0020,2023-01-29,5026,4883.615
P0020,2023-02-05,5321,4896.67
P0020,2023-02-12,5218,4807.83
P0020,2023-02-19,6168,4879.445
P0020,2023-02-26,4471,4612.02
P0020,2023-03-05,3794,4653.86
P0020,2023-03-12,4487,4730.535
P0020,2023-03-19,4395,4693.895
P0020,2023-03-26,3761,4734.66
P0020,2023-04-02,6464,4876.115
P0020,2023-04-09,4283,4823.42
P0020,2023-04-16,4713,4876.89
P0020,2023-04-23,5292,4695.96
P0020,2023-04-30,4834,4789.48
P0020,2023-05-07,5109,4703.485
P0020,2023-05-14,4866,4607.495
P0020,2023-05-21,4056,5032.505
P0020,2023-05-28,4024,4546.06
P0020,2023-06-04,4716,4700.57
P0020,2023-06-11,3820,4894.555
P0020,2023-06-18,4713,4661.085
P0020,2023-06-25,5436,4796.84
P0020,2023-07-02,4984,4658.21
P0020,2023-07-09,4912,5146.32
P0020,2023-07-16,5513,4940.605
P0020,2023-07-23,5492,4665.845
P0020,2023-07-30,4329,4823.295
P0020,2023-08-06,4402,4976.15
P0020,2023-08-13,4406,4911.16
P0020,2023-08-20,4277,4584.025
P0020,2023-08-27,4114,5114.58
P0020,2023-09-03,4329,4715.705
P0020,2023-09-10,3814,4692.265
P0020,2023-09-17,5244,4727.85
P0020,2023-09-24,4846,4667.83
P0020,2023-10-01,5460,4859.415
P0020,2023-10-08,4911,4983.705
P0020,2023-10-15,4255,4861.465
P0020,2023-10-22,5300,5064.755
P0020,2023-10-29,4436,4713.805
P0020,2023-11-05,4380,4840.125
P0020,2023-11-12,5535,4970.555
P0020,2023-11-19,6085,4991.705
P0020,2023-11-26,5234,4917.745
P0020,2023-12-03,4159,4454.42
P0020,2023-12-10,4727,4745.76
P0020,2023-12-17,6085,4425.26
P0020,2023-12-24,4830,4923.145
P0020,2023-12-31,4525,4666.49
P0020,2024-01-07,803,1036.175
